Sydney Australia Melbourne Australia
Manchester United_Kingdom Liverpool United_Kingdom
Barcelona Spain Valencia Spain
Munich Germany Hamburg Germany
Milan Italy Naples Italy
Lyon France Marseille France
Osaka Japan Yokohama Japan
Busan South_Korea Incheon South_Korea
Guangzhou China Shenzhen China
Karachi Pakistan Lahore Pakistan
Chittagong Bangladesh Khulna Bangladesh
Chennai India Mumbai India
Surabaya Indonesia Bandung Indonesia
Medellin Colombia Cali Colombia
Guadalajara Mexico Monterrey Mexico
Recife Brazil Salvador Brazil
Vancouver Canada Montreal Canada
Seville Spain Bilbao Spain
Turin Italy Bologna Italy
Nice France Toulouse France
Fukuoka Japan Sapporo Japan
Daegu South_Korea Daejeon South_Korea
Wuhan China Chengdu China
Rawalpindi Pakistan Faisalabad Pakistan
Sylhet Bangladesh Rajshahi Bangladesh
Pune India Hyderabad India
Makassar Indonesia Semarang Indonesia
Barranquilla Colombia Cartagena Colombia
Puebla Mexico Tijuana Mexico
Fortaleza Brazil Curitiba Brazil
Calgary Canada Edmonton Canada
Auckland New_Zealand Christchurch New_Zealand
Glasgow United_Kingdom Birmingham United_Kingdom
Porto Portugal Braga Portugal
Zurich Switzerland Geneva Switzerland
Rotterdam Netherlands Eindhoven Netherlands
Gothenburg Sweden Malmo Sweden
Odense Denmark Aarhus Denmark
Split Croatia Rijeka Croatia
Brno Czechia Ostrava Czechia
Gdansk Poland Krakow Poland
Cluj Romania Timisoara Romania
Izmir Turkey Bursa Turkey
Alexandria Egypt Giza Egypt
Casablanca Morocco Marrakesh Morocco
Lagos Nigeria Kano Nigeria
Cape_Town South_Africa Durban South_Africa
Mombasa Kenya Kisumu Kenya
Kampala Uganda Gulu Uganda
Accra Ghana Kumasi Ghana
Dakar Senegal Thies Senegal
Algiers Algeria Oran Algeria
Tunis Tunisia Sfax Tunisia
Tripoli Libya Benghazi Libya
Rabat Morocco Fes Morocco
Doha Qatar Al_Wakrah Qatar
Dubai United_Arab_Emirates Sharjah United_Arab_Emirates
Abu_Dhabi United_Arab_Emirates Al_Ain United_Arab_Emirates
Muscat Oman Sohar Oman
Manama Bahrain Muharraq Bahrain
Kuwait_City Kuwait Al_Jahra Kuwait
Tehran Iran Isfahan Iran
Mashhad Iran Shiraz Iran
Baghdad Iraq Basra Iraq
Erbil Iraq Sulaymaniyah Iraq
Amman Jordan Zarqa Jordan
Beirut Lebanon Tripoli_Lebanon Lebanon
Damascus Syria Aleppo Syria
Jerusalem Israel Tel_Aviv Israel
Haifa Israel Eilat Israel
Athens Greece Thessaloniki Greece
Patras Greece Volos Greece
Sofia Bulgaria Plovdiv Bulgaria
Belgrade Serbia Novi_Sad Serbia
Sarajevo Bosnia Mostar Bosnia
Skopje North_Macedonia Bitola North_Macedonia
Podgorica Montenegro Niksic Montenegro
Tirana Albania Durres Albania
Vilnius Lithuania Kaunas Lithuania
Riga Latvia Daugavpils Latvia
Tallinn Estonia Tartu Estonia
Helsinki Finland Tampere Finland
Oslo Norway Bergen Norway
Stockholm Sweden Uppsala Sweden
Reykjavik Iceland Akureyri Iceland